<?xml version='1.0' encoding='utf-8' standalone='yes' ?>
<map>
    <string name="ptchr_sabresharp_key">OFF</string>
    <string name="iso_photo_limit_key_0">0</string>
    <string name="c_t_user_rr_key"></string>
    <string name="prof60_videoBitRate_key"></string>
    <string name="ptchr_settings_color_key_0">1</string>
    <string name="pref_double_tap_key">zoom</string>
    <string name="videobitrate_240_key">0</string>
    <string name="ptchr_user_addr_4_key"></string>
    <string name="gawb_user_rg_b_key"></string>
    <string name="ptchr_settings_color_key_4">0</string>
    <string name="ptchr_spatialsub1_key">OFF</string>
    <string name="ptchr_user_addr_16_key"></string>
    <string name="quality_ns_corrector_key">0</string>
    <string name="expcomp_key_1">3</string>
    <string name="hwlevel_key_21">1</string>
    <string name="pref_social_app_com_facebook_lite">0</string>
    <string name="hwlevel_key_20">6</string>
    <string name="expcomp_key_0">1</string>
    <string name="hwlevel_key_22">1</string>
    <string name="pref_switch_to_previous_mode_command_string">-1</string>
    <string name="ptchr_chromahigha_l4_key">OFF</string>
    <string name="ptchr_depth2_key_4">04102e1e</string>
    <string name="ptchr_depth2_key_3">04d02f1e</string>
    <string name="ptchr_depth2_key_1">04102e1e</string>
    <string name="ptchr_depth2_key_0">OFF</string>
    <string name="vid_ses_tl_all_key">0</string>
    <string name="ptchr_noiseaberr_key">OFF</string>
    <string name="ptchr_spatialn2_key_21">14f0a752</string>
    <string name="ptchr_exposure_darker_key">OFF</string>
    <string name="ptchr_user_gamma_19_key"></string>
    <string name="ptchr_vignettec_key">OFF</string>
    <string name="ptchr_hdr_overall_lightness_key_21">OFF</string>
    <string name="ptchr_chromahigh_l3_key">OFF</string>
    <string name="ptchr_sharpness_key_4">48FEE7D2</string>
    <string name="ptchr_temporaldenoise_key_3">E103271E</string>
    <string name="ptchr_temporaldenoise_key_0">OFF</string>
    <string name="pref_camera_hdrplus_option_available_key">1</string>
    <string name="ptchr_light_shadow_key_4">0</string>
    <string name="ptchr_light_shadow_key_0">1</string>
    <string name="ptchr_sharpness_key_3">08FEE7D2</string>
    <string name="ptchr_sharpness_key_0">C8FEE7D2</string>
    <string name="ptchr_sharpness_key_1">68FEE7D2</string>
    <string name="ptchr_removeblur_key_0">03FEA852A16962BC6200271E4A0500913F000AEB2018221E0040201E</string>
    <string name="prof30_audioSampleRate_key"></string>
    <string name="ptchr_removeblur_key_4">03FEA852A16962BC6200271E4A0500913F000AEB2018221E0040201E</string>
    <string name="pref_has_seen_permissions_dialogs">1</string>
    <string name="ptchr_removeblur_key_3">03FEA852A16962BC6200271E4A0500913F000AEB2018221E0040201E</string>
    <string name="gawb_user_bg_b_key"></string>
    <string name="ptchr_smoothing2_key_3">08FEF7D2</string>
    <string name="ptchr_grid_settiins_key_3">0</string>
    <string name="vid_ses_tl_on_key_21">1</string>
    <string name="vid_ses_tl_on_key_22">1</string>
    <string name="frame_count_key">7</string>
    <string name="videocodec_120_key">0</string>
    <string name="ptchr_grid_settiins_key_0">0</string>
    <string name="ptchr_hdreffect_key_3">E203271E</string>
    <string name="ptchr_hdreffect_key_4">E203271E</string>
    <string name="ptchr_ochromalow_l4_key">OFF</string>
    <string name="ptchr_hdreffect_key_0">02102C1E</string>
    <string name="ptchr_hdreffect_key_1">02103C1E</string>
    <string name="ptchr_smoothing2_key_0">48FEF7D2</string>
    <string name="noise_model_user_a_1_key"></string>
    <string name="ptchr_orgb_key">OFF</string>
    <string name="ptchr_user_gamma_5_key"></string>
    <string name="ptchr_spatialsub2_key">OFF</string>
    <string name="ptchr_user_gamma_27_key"></string>
    <string name="autons_key">1</string>
    <string name="gawb_user_rg_c_key"></string>
    <string name="expastro_key_3">35000</string>
    <string name="artemis_vid_key">0</string>
    <string name="lens_bl_key"></string>
    <string name="expastro_key_0">0</string>
    <string name="ptchr_smoothing1_key_21">08FEF7D2</string>
    <string name="ptchr_grid2_key">OFF</string>
    <string name="c_t_user_bg_key"></string>
    <string name="pref_video_stab_button_untouched_count">8</string>
    <string name="ptchr_hot_pixel_suppression_key_3">80F6004F</string>
    <string name="ptchr_smoothing1_key_22">08FEF7D2</string>
    <string name="videoframe_240_key">0</string>
    <string name="ptchr_user_value_1_key"></string>
    <string name="ptchr_user_curve_10_key"></string>
    <string name="expcomp_key">0</string>
    <string name="ptchr_finalsharpness_key">OFF</string>
    <string name="ptchr_chromahigh_l4_key">OFF</string>
    <string name="ptchr_smoothness_key_0">0050201e</string>
    <string name="ptchr_user_addr_15_key"></string>
    <string name="ptchr_noisesuppression_key">OFF</string>
    <string name="ptchr_contrast_2_key">OFF</string>
    <string name="ptchr_smoothness_key_3">0070201e</string>
    <string name="expastro_key_21">20000</string>
    <string name="ptchr_chromalow_key_3">48FEE7D2</string>
    <string name="ptchr_chromahigha_l3_key">OFF</string>
    <string name="ptchr_chromalow_key_4">08FEE7D2</string>
    <string name="ptchr_sect_whites_key">OFF</string>
    <string name="ptchr_iso_option_available_key">OFF</string>
    <string name="ptchr_chromalow_key_0">A8FDE7D2</string>
    <string name="ptchr_chromalow_key_1">C8FDE7D2</string>
    <string name="merge_key_22">0</string>
    <string name="frame_count_b_photo_0">3</string>
    <string name="frame_count_b_photo_3">19</string>
    <string name="pref_camera_raw_output_option_available_key">0</string>
    <string name="ptchr_hot_pixel_suppression_key">OFF</string>
    <string name="debug_manual_focus_key_22">1</string>
    <string name="face_detect_key">0</string>
    <string name="ptchr_spatialsub1_key_0">OFF</string>
    <string name="ptchr_user_curve_0_key"></string>
    <string name="ptchr_enable_key_0">1</string>
    <string name="ptchr_hot_pixel_suppression_key_21">80F6004F</string>
    <string name="ptchr_enable_key_1">1</string>
    <string name="ptchr_spatialsub1_key_3">01F6034F</string>
    <string name="ptchr_spatialsub1_key_4">01F6034F</string>
    <string name="ptchr_smoothing2_key">OFF</string>
    <string name="ptchr_enable_key_3">1</string>
    <string name="ptchr_enable_key_4">1</string>
    <string name="ptchr_user_gamma_26_key"></string>
    <string name="ptchr_saturation2_key_4">08F0A7D2</string>
    <string name="ptchr_ochromalow_l3_key">OFF</string>
    <string name="ptchr_saturation2_key_3">08F6A7D2</string>
    <string name="ptchr_saturation2_key_1">08F6A7D2</string>
    <string name="ptchr_saturation2_key_0">08F6A7D2</string>
    <string name="ptchr_contrast_1_key">OFF</string>
    <string name="ptchr_processing_col_key_4">0</string>
    <string name="ptchr_user_gamma_6_key"></string>
    <string name="ptchr_processing_col_key_3">0</string>
    <string name="wl_key">0</string>
    <string name="ptchr_processing_col_key_0">0</string>
    <string name="gawb_user_bg_c_key"></string>
    <string name="ptchr_clarity_key_21">OFF</string>
    <string name="ptchr_user_curve_11_key"></string>
    <string name="ptchr_user_value_2_key"></string>
    <string name="ptchr_sect_pwhites_key_0">333</string>
    <string name="ptchr_ldr_hdr_key_4">1</string>
    <string name="smartphone_key">0</string>
    <string name="ptchr_sabre1_key_0">0010381E</string>
    <string name="gawb_photo_b">0</string>
    <string name="noise_model_user_a_0_key"></string>
    <string name="vid_ses60_all_key">0</string>
    <string name="ptchr_ldr_hdr_key_0">1</string>
    <string name="gawb_photo_f">1</string>
    <string name="ptchr_ldr_hdr_key_1">1</string>
    <string name="ptchr_ldr_hdr_key_3">1</string>
    <string name="eis_v_ph_key"></string>
    <string name="ptchr_user_value_10_key"></string>
    <string name="pref_audio_zoom_key">0</string>
    <string name="ptchr_gamma_pdarks_key">OFF</string>
    <string name="pref_zoom_in_command_string">-1</string>
    <string name="pref_camera_dynamic_depth_enabled_key">0</string>
    <string name="shasta_key_21">50000</string>
    <string name="pref_has_shown_longp_education">0</string>
    <string name="pref_camera_grid_lines_mode">0</string>
    <string name="audiocodec_240_key">0</string>
    <string name="ptchr_grid1_key">OFF</string>
    <string name="ptchr_small_levelsoldn_key_22">0</string>
    <string name="ptchr_chromamicro_key_0">OFF</string>
    <string name="ptchr_chromamicro_key_1">OFF</string>
    <string name="ptchr_chromamicro_key_3">01F7004F</string>
    <string name="ptchr_chromamicro_key_4">OFF</string>
    <string name="ptchr_smoothness_key">OFF</string>
    <string name="ptchr_sabresharp1_key">OFF</string>
    <string name="ptchr_curve_pwhites_key">OFF</string>
    <string name="ptchr_user_addr_2_key"></string>
    <string name="pref_camera_enable_iris">0</string>
    <string name="pref_first_time_video_stab_tooltip">1</string>
    <string name="ptchr_sharp3_key_3">OFF</string>
    <string name="ptchr_user_addr_14_key"></string>
    <string name="ptchr_sharp3_key_0">OFF</string>
    <string name="ptchr_user_gamma_18_key"></string>
    <string name="ptchr_sharp2_key_0">0000F0FF</string>
    <string name="expastro_key">0</string>
    <string name="b_p_p_key">0</string>
    <string name="vid_ses30_all_key_22">61444</string>
    <string name="vid_ses30_all_key_21">61444</string>
    <string name="ptchr_luma_l1_key">OFF</string>
    <string name="eis_v_pt_key"></string>
    <string name="ptchr_user_curve_1_key"></string>
    <string name="prof60_fhd_videoBitRate_key"></string>
    <string name="ptchr_smoothing1_key">OFF</string>
    <string name="ptchr_sharp2_key_3">OFF</string>
    <string name="ptchr_temporal_radius_key_22">0c74a852</string>
    <string name="ptchr_user_gamma_25_key"></string>
    <string name="ptchr_temporal_radius_key_21">0c80a852</string>
    <string name="ptchr_user_addr_5_key"></string>
    <string name="ptchr_user_sect_5_key"></string>
    <string name="ptchr_vignette_key_0">OFF</string>
    <string name="ptchr_user_value_3_key"></string>
    <string name="fileformat_240_key">0</string>
    <string name="ptchr_sabre_set_key_0">0</string>
    <string name="ptchr_sabretexttun_key_0">OFF</string>
    <string name="ptchr_ochromahigha_l2_key">OFF</string>
    <string name="ptchr_luma_key_1">E8FEE7D2</string>
    <string name="ptchr_luma_key_0">C8FDE7D2</string>
    <string name="ptchr_luma_key_3">08FEE7D2</string>
    <string name="prof30_fhd_fileFormat_key"></string>
    <string name="ptchr_user_addr_3_key"></string>
    <string name="ptchr_ochromahigha_l1_key">OFF</string>
    <string name="ptchr_exposuren_key_1">CDCC1441</string>
    <string name="ptchr_exposuren_key_0">OFF</string>
    <string name="ptchr_luma_key_4">08FEE7D2</string>
    <string name="ptchr_exposuren_key_4">CDCC1441</string>
    <string name="ptchr_hdr_effect_intensity_key_4">09102e1e</string>
    <string name="ptchr_saturation_key">OFF</string>
    <string name="ptchr_hdr_effect_intensity_key_3">09102e1e</string>
    <string name="ptchr_fine_tuning_key_22">1</string>
    <string name="ptchr_fine_tuning_key_21">0</string>
    <string name="ptchr_sharp2_key_21">0000F0FF</string>
    <string name="ptchr_hdr_effect_intensity_key_0">OFF</string>
    <string name="exp_ns_limit_key">0</string>
    <string name="ptchr_hdr_effect_intensity_key_1">09302e1e</string>
    <string name="ptchr_user_curve_2_key"></string>
    <string name="frame_count_key_21">13</string>
    <string name="eis_v_key"></string>
    <string name="ptchr_gamma_whites_key">OFF</string>
    <string name="ptchr_main_global_settings_key_21">1</string>
    <string name="pref_switch_camera_command_string">-1</string>
    <string name="pref_has_checked_photosphere_mode">0</string>
    <string name="ptchr_iso_option_available_key_0">OFF</string>
    <string name="pref_switch_to_next_mode_command_string">-1</string>
    <string name="ptchr_sabresharp2_key">OFF</string>
    <string name="ptchr_spatialsub1_key_21">01F6034F</string>
    <string name="pref_social_app_com_instagram_android">1</string>
    <string name="bl_key">0</string>
    <string name="ptchr_user_addr_13_key"></string>
    <string name="ptchr_main_global_settings_key_22">1</string>
    <string name="device_hdrplus_key">0</string>
    <string name="quality_photo_corrector_key">0</string>
    <string name="ptchr_luma_l2_key">OFF</string>
    <string name="qjpg_key">100</string>
    <string name="ptchr_noisereduction_key_3">400B40BD</string>
    <string name="ptchr_noisereduction_key_0">OFF</string>
    <string name="gawb_user_bg_a_key"></string>
    <string name="ptchr_noisereduction_key_1">00D02F1E</string>
    <string name="ptchr_noisereduction_key_4">400B40BD</string>
    <string name="ptchr_user_value_4_key"></string>
    <string name="ptchr_hdreffect_key">OFF</string>
    <string name="ptchr_settings_color_key_21">1</string>
    <string name="ptchr_user_gamma_17_key"></string>
    <string name="ptchr_hdr_effect_intensity_key_21">OFF</string>
    <string name="ptchr_hdr_effect_intensity_key_22">09102e1e</string>
    <string name="ptchr_shastamerge1_key">OFF</string>
    <string name="manual_focus_infinity_key">0.0</string>
    <string name="ptchr_anoisemodels_key">OFF</string>
    <string name="ptchr_sabresharp3_key">OFF</string>
    <string name="expcomp_key_3">1</string>
    <string name="expcomp_key_4">2</string>
    <string name="gawb_user_rg_a_key"></string>
    <string name="ptchr_noiseaberr_key_0">OFF</string>
    <string name="ptchr_cg2_key_21">OFF</string>
    <string name="audiobitrate_240_key">0</string>
    <string name="ptchr_exposuren_key">OFF</string>
    <string name="ptchr_noiseaberr_key_1">OFF</string>
    <string name="ptchr_noiseaberr_key_4">OFF</string>
    <string name="ptchr_noiseaberr_key_3">00102E1E</string>
    <string name="ptchr_sabre2_key_21">0824A852</string>
    <long name="tooltip_latest_impression_timestamp_for_try_washington_tooltip" value="1696656785714" />
    <string name="ptchr_depth1_key_21">03102c1e</string>
    <string name="ptchr_depth1_key_22">03102f1e</string>
    <string name="ptchr_chromalow_key">OFF</string>
    <string name="pref_shutter_command_string">-1</string>
    <string name="ptchr_user_sect_4_key"></string>
    <string name="pref_has_checked_gouda_mode">1</string>
    <string name="ptchr_saturation2_key">OFF</string>
    <string name="ptchr_cg2_key">OFF</string>
    <string name="ptchr_denoise_key_4">08FEE7D2</string>
    <string name="noise_model_user_b_1_key"></string>
    <string name="ptchr_nluma_l1_key">OFF</string>
    <string name="ptchr_noisemodelunblock_key">OFF</string>
    <string name="ptchr_ndenoisec3_key">OFF</string>
    <string name="c_t_user_gg_key"></string>
    <string name="vid_ses30_all_key_3">61444</string>
    <string name="audiosamplerate_120_key">0</string>
    <string name="ptchr_denoise_key_3">08FEE7D2</string>
    <string name="ptchr_denoise_key_1">OFF</string>
    <string name="ptchr_denoise_key_0">08FEE7D2</string>
    <string name="vid_ses30_all_key_0">61444</string>
    <string name="pref_ext_mic_key">0</string>
    <string name="ptchr_user_gamma_24_key"></string>
    <string name="ptchr_sabre2_key">OFF</string>
    <string name="ptchr_noise_smoothing_key_21">0</string>
    <string name="ptchr_saturation2_key_21">08F4A7D2</string>
    <string name="ptchr_noise_smoothing_key_22">1</string>
    <string name="ptchr_saturation2_key_22">08F8A7D2</string>
    <string name="ptchr_luma_l3_key">OFF</string>
    <string name="ptchr_shastamerge2_key">OFF</string>
    <string name="vid_ses30_all_key">0</string>
    <string name="gawb_user_rg_f_key"></string>
    <string name="pref_social_app_org_telegram_messenger">1</string>
    <string name="ptchr_sl_intensity_key">OFF</string>
    <string name="ptchr_noise_settings_key_21">0</string>
    <string name="ptchr_nchromalow_l5_key">OFF</string>
    <string name="ptchr_user_addr_20_key"></string>
    <string name="ptchr_user_curve_14_key"></string>
    <string name="ptchr_user_value_5_key"></string>
    <string name="pref_camera_video_back_flashmode_thermally_disabled_key">0</string>
    <string name="ptchr_user_value_20_key"></string>
    <string name="ptchr_lutnoise2_key">OFF</string>
    <string name="ptchr_chromahigh_key">OFF</string>
    <string name="ptchr_luma_key_21">A8FDE7D2</string>
    <string name="ptchr_user_gamma_16_key"></string>
    <string name="vid_ses60_on_key_0">0</string>
    <string name="vid_ses60_on_key_3">1</string>
    <string name="ptchr_luma_key_22">E8FEE7D2</string>
    <string name="pref_has_checked_social_share">1</string>
    <string name="ptchr_hdr_range_plus_key_22">03F0241E</string>
    <string name="pref_camera_resolution">full</string>
    <string name="key_aspect_ratio">1</string>
    <string name="ptchr_hdr_range_plus_key_21">OFF</string>
    <string name="noise_model_user_d_2_key"></string>
    <string name="cawb_key_1">0</string>
    <string name="cawb_key_0">0</string>
    <string name="cawb_key_4">0</string>
    <string name="cawb_key_3">0</string>
    <string name="ptchr_chromalow_l2_key">OFF</string>
    <string name="ptchr_user_addr_7_key"></string>
    <string name="ptchr_sabre_set_key_21">0</string>
    <string name="ptchr_ochromahigh_l4_key">OFF</string>
    <string name="a_banding_key">3</string>
    <string name="ptchr_ochromahigh_l3_key">OFF</string>
    <string name="noise_model_user_b_0_key"></string>
    <string name="prof60_audioChannels_key"></string>
    <string name="vid_ses240_all_key">0</string>
    <string name="pref_has_set_social_share_apps">1</string>
    <string name="ptchr_spatialn2_key_3">14f0a752</string>
    <string name="pref_upgrade_version">21</string>
    <string name="ptchr_spatialn2_key_4">14f0a752</string>
    <string name="ptchr_sabre1_key">OFF</string>
    <string name="ptchr_spatialn2_key_0">OFF</string>
    <string name="ptchr_small_levelsoldn_key_0">0</string>
    <string name="ptchr_ndenoisec2_key">OFF</string>
    <string name="prof60_audioBitRate_key"></string>
    <string name="ptchr_luma_l4_key">OFF</string>
    <string name="pref_video_fps_4k_key">FPS_30</string>
    <string name="quality_photo_corrector_key_21">1</string>
    <string name="pref_first_time_video_stab_edu">1</string>
    <string name="hwlevel_key">0</string>
    <string name="ptchr_gamma_darks_key">OFF</string>
    <string name="ptchr_curve_darks_key">OFF</string>
    <string name="ptchr_cg3_key">OFF</string>
    <string name="ptchr_shastamerge3_key">OFF</string>
    <string name="ptchr_sabre2_key_0">0814A852</string>
    <string name="ptchr_user_curve_15_key"></string>
    <string name="pref_camera_recordlocation_key">0</string>
    <string name="pref_has_checked_cuttlefish_mode">1</string>
    <string name="pref_camera_single_shot_sound_key">0</string>
    <string name="ptchr_blurdenoise2_key">OFF</string>
    <string name="ptchr_sect_darks_key">OFF</string>
    <string name="c_t_user_bb_key"></string>
    <string name="ptchr_user_value_6_key"></string>
    <string name="pref_camera_astro">0</string>
    <string name="ptchr_user_value_19_key"></string>
    <string name="ptchr_user_gamma_15_key"></string>
    <string name="ptchr_hdr_range_minus_key_4">0310301E</string>
    <string name="ptchr_hdr_range_minus_key_3">03503E1E</string>
    <string name="ptchr_hdr_range_minus_key_0">0390311E</string>
    <string name="ptchr_hdr_range_minus_key_1">OFF</string>
    <string name="noise_model_user_d_1_key"></string>
    <string name="ptchr_user_addr_6_key"></string>
    <string name="eis_v_le_key"></string>
    <string name="ptchr_sharpradsmal_key">OFF</string>
    <string name="pref_af_mode_back">0</string>
    <string name="vid_ses60_all_key_0">61444</string>
    <string name="vid_ses60_all_key_3">61444</string>
    <string name="ptchr_hdrup_key_0">OFF</string>
    <string name="ptchr_sharpradsmal_key_3">OFF</string>
    <string name="c_t_key_21">4</string>
    <string name="ptchr_removeblur_key_22">03FEA852A16962BC6200271E4A0500913F000AEB2018221E0040201E</string>
    <string name="ptchr_hdrup_key_1">02102E1E</string>
    <string name="c_t_key_22">4</string>
    <string name="ptchr_chroma_l2_key">OFF</string>
    <string name="ptchr_hdrup_key_3">OFF</string>
    <string name="ptchr_removeblur_key_21">OFF</string>
    <string name="ptchr_sharpradsmal_key_0">OFF</string>
    <string name="ptchr_chromalow_l1_key">OFF</string>
    <string name="gawb_user_rg_d_key"></string>
    <string name="raw_key">0</string>
    <string name="prof60_fhd_audioCodec_key"></string>
    <string name="ptchr_chromahigh_l1_key">OFF</string>
    <string name="ptchr_hdrup_key_4">OFF</string>
    <string name="noise_model_user_a_2_key"></string>
    <string name="ptchr_user_value_7_key"></string>
    <string name="ptchr_ochroma_l4_key">OFF</string>
    <string name="device_hdrplus_key_4">0</string>
    <string name="device_hdrplus_key_3">12</string>
    <string name="noise_model_user_b_3_key"></string>
    <string name="ptchr_nchromalow_l3_key">OFF</string>
    <string name="device_hdrplus_key_1">12</string>
    <string name="ptchr_denoise_key">OFF</string>
    <string name="device_hdrplus_key_0">3</string>
    <string name="ptchr_blurdenoise3_key_4">OFF</string>
    <string name="face_detect_key_22">1</string>
    <string name="ptchr_blurdenoise3_key_0">OFF</string>
    <string name="ptchr_blurdenoise3_key_3">0010221E</string>
    <int name="tooltip_impression_count_for_try_washington_tooltip" value="6" />
    <string name="ptchr_finalsharpness_key_0">OFF</string>
    <string name="ptchr_temporaldenoise_key_21">0110201E</string>
    <string name="ptchr_temporaldenoise_key_22">OFF</string>
    <string name="cawb_key">0</string>
    <string name="pref_release_dialog_last_shown_version"></string>
    <string name="manual_focus_far_key">0.0</string>
    <string name="face_detect_key_0">0</string>
    <string name="ptchr_ochromalow_l2_key">OFF</string>
    <string name="quality_portrait_corrector_key">0</string>
    <string name="vid_ses60_all_key_21">61444</string>
    <string name="ptchr_chromahigha_l2_key">OFF</string>
    <string name="pref_volume_key_action">shutter</string>
    <string name="ptchr_temporaldenoise_key">OFF</string>
    <string name="ptchr_ochromalow_l1_key">OFF</string>
    <string name="ptchr_user_addr_9_key"></string>
    <string name="ptchr_exposure_darker2_key">OFF</string>
    <string name="ptchr_small_levels_keyold_key_0">0</string>
    <string name="vid_ses60_all_key_22">61444</string>
    <string name="ptchr_small_levels_keyold_key_3">0</string>
    <string name="ptchr_chromalow_l4_key">OFF</string>
    <string name="gawb_user_rg_g_key"></string>
    <string name="def_astro_key_0">0</string>
    <string name="ptchr_sharpness_key_22">08FFE7D2</string>
    <string name="b_p_p_key_1">0</string>
    <string name="ptchr_user_gamma_29_key"></string>
    <string name="b_p_p_key_0">0</string>
    <string name="idle_focus_key">0</string>
    <string name="ptchr_nchromalow_l2_key">OFF</string>
    <string name="ptchr_sharpness_key_21">C8FEE7D2</string>
    <string name="vid_ses30_on_key_3">1</string>
    <string name="prof30_audioCodec_key"></string>
    <string name="b_p_p_key_4">37</string>
    <string name="b_p_p_key_3">37</string>
    <string name="ptchr_user_curve_12_key"></string>
    <string name="ptchr_sharpradmed_key_3">OFF</string>
    <string name="ptchr_blurdenoise2_key_3">09008052</string>
    <string name="ptchr_blurdenoise2_key_4">OFF</string>
    <string name="pref_camera_hdr_plus_key">on</string>
    <string name="ptchr_nluma_l3_key">OFF</string>
    <string name="ptchr_sharpradmed_key_0">OFF</string>
    <string name="pref_video_stabilization_key">1</string>
    <string name="ptchr_blurdenoise2_key_0">OFF</string>
    <string name="ptchr_user_gamma_14_key"></string>
    <string name="ptchr_chromahigh_l2_key">OFF</string>
    <string name="noise_model_user_a_3_key"></string>
    <string name="ptchr_nluma_l2_key">OFF</string>
    <string name="ptchr_user_gamma_13_key"></string>
    <string name="hwlevel_key_0">1</string>
    <string name="gawbratio_key_0">5</string>
    <string name="hwlevel_key_1">1</string>
    <string name="ptchr_hdreffect_key_21">E203271E</string>
    <string name="vid_ses30_on_key_0">0</string>
    <string name="ptchr_hdreffect_key_22">E203271E</string>
    <string name="noise_model_user_d_3_key"></string>
    <string name="ptchr_denoise_key_22">OFF</string>
    <string name="ptchr_cg1_key">OFF</string>
    <string name="prof30_fileFormat_key"></string>
    <string name="hwlevel_key_4">6</string>
    <string name="gawbratio_key_4">5</string>
    <string name="gawbratio_key_3">5</string>
    <string name="ptchr_denoise_key_21">OFF</string>
    <string name="hwlevel_key_3">6</string>
    <string name="ptchr_iso_option_available_key_21">OFF</string>
    <string name="pref_video_hevc_setting_key">1</string>
    <string name="pref_camera_sounds_key">0</string>
    <long name="tooltip_latest_impression_timestamp_for_Astro_smarts_chip" value="1626088964219" />
    <string name="ptchr_temporal_radius_key">OFF</string>
    <string name="noise_model_user_b_2_key"></string>
    <string name="ptchr_nchromalow_l4_key">OFF</string>
    <string name="ptchr_user_value_8_key"></string>
    <string name="gawb_user_rg_e_key"></string>
    <string name="ptchr_lutnoise1_key">OFF</string>
    <string name="ptchr_user_addr_8_key"></string>
    <string name="iso_ns_limit_key_0">16</string>
    <string name="pref_video_fps_key">FPS_60</string>
    <string name="ptchr_ochroma_l5_key">OFF</string>
    <string name="ptchr_darkenlight_key">OFF</string>
    <string name="perf_has_run_second_education">1</string>
    <string name="ptchr_chromahigha_l1_key">OFF</string>
    <string name="dotfix_key">0</string>
    <string name="ptchr_user_curve_13_key"></string>
    <string name="ptchr_sect_pdarks_key_0">333</string>
    <string name="pref_dirty_lens_detector_key">0</string>
    <string name="exp_portrait_limit_key">0</string>
    <string name="c_t_user_br_key"></string>
    <string name="pref_has_checked_lens_mode">0</string>
    <string name="manual_focus_near_key">0.833</string>
    <string name="ptchr_ldr_hdr_key_22">1</string>
    <string name="ptchr_ldr_hdr_key_21">1</string>
    <string name="ptchr_user_gamma_28_key"></string>
    <string name="ptchr_chromalow_l3_key">OFF</string>
    <string name="prof30_fhd_videoBitRate_key"></string>
    <string name="quality_120_key">0</string>
    <string name="pref_camera_dirty_lens_history_key0">-17.0|</string>
    <string name="pref_camera_dirty_lens_history_key1">-17.0|</string>
    <string name="prof60_fhd_fileFormat_key"></string>
    <string name="pref_camera_dirty_lens_history_key3">-17.0|0.20808685|-3.0200684|-0.20898196|2.5313957|-1.1236576|-6.524655|-4.2989354|-6.7486672|-4.5000067|-3.4486117|-3.8230357|1.8158631|1.0753924|-5.8982034|-3.976939|-2.6017895|-1.6953638|-4.268207|-1.0772548|0.8055709|-1.6584895|</string>
    <string name="pref_camera_dirty_lens_history_key4">-3.6589546|-5.300687|-1.5705703|-4.958196|-4.0855384|-3.385754|0.47591928|0.38896334|-3.9085026|-2.3839197|-0.42293108|-2.1668994|-0.2674235|-4.383833|-3.9693394|-4.6122136|-5.304745|-2.5366063|-5.7370787|-7.1795964|-5.6266828|-5.7141247|-4.393845|-3.564293|-4.057874|-5.3066454|-3.7423072|-5.4200754|-5.230269|-0.69477046|-3.4040458|-1.5172821|</string>
    <string name="noise_model_user_c_3_key"></string>
    <string name="ptchr_hdr_range_plus_key">OFF</string>
    <string name="ptchr_ochroma_l2_key">OFF</string>
    <string name="ptchr_outlineradius_key_3">OFF</string>
    <string name="ptchr_user_value_9_key"></string>
    <string name="ptchr_vignettec_key_0">OFF</string>
    <string name="ptchr_curves_log_key_0">0</string>
    <string name="ptchr_user_gamma_12_key"></string>
    <string name="ptchr_user_gamma_20_key"></string>
    <string name="ptchr_outlineradius_key_0">OFF</string>
    <string name="ptchr_user_value_16_key"></string>
    <string name="ptchr_sharp2_key">OFF</string>
    <string name="ptchr_fixshastamerge2_2_key">OFF</string>
    <string name="pref_has_checked_cheetah_mode">0</string>
    <string name="videocodec_240_key">0</string>
    <string name="ptchr_curve_pdarks_key">OFF</string>
    <string name="exp_photo_limit_key">0</string>
    <string name="ptchr_darkenlight_key_0">OFF</string>
    <string name="pref_mode_vesper_level">2</string>
    <string name="flash_mode_key">0</string>
    <string name="ptchr_red_key">OFF</string>
    <string name="ptchr_nchroma_l2_key">OFF</string>
    <string name="c_t_user_gr_key"></string>
    <string name="ptchr_ndenoisea3_key">OFF</string>
    <string name="ptchr_lumanoise_key_0">20F6034F</string>
    <string name="ptchr_lumanoise_key_1">E0F6034F</string>
    <string name="ptchr_dnoisereduction_key_21">OFF</string>
    <string name="ptchr_lumanoise_key_3">00F6034F</string>
    <string name="ptchr_lumanoise_key_4">00F6034F</string>
    <string name="noise_model_user_c_2_key"></string>
    <string name="ptchr_depth1_key">OFF</string>
    <string name="ptchr_sharpradius_key">OFF</string>
    <string name="manual_focus_near_key_0">0.833</string>
    <string name="ptchr_blackness_key">OFF</string>
    <string name="ptchr_oluma_l1_key">OFF</string>
    <string name="ptchr_noise_smoothing_key_3">0</string>
    <string name="ptchr_noise_smoothing_key_0">0</string>
    <string name="manual_focus_near_key_3">0.833</string>
    <string name="ptchr_curve_whites_key">OFF</string>
    <string name="ptchr_nluma_l5_key">OFF</string>
    <string name="dev_setting_filter_key"></string>
    <string name="ptchr_exposuren2_key">OFF</string>
    <string name="ptchr_cg5_key">OFF</string>
    <string name="ptchr_nchromahigh_l5_key">OFF</string>
    <string name="ptchr_chroma_l4_key">OFF</string>
    <string name="ptchr_clarity_key_4">08102E1E</string>
    <string name="ptchr_chromahigh_key_22">OFF</string>
    <string name="ptchr_chromahigh_key_21">OFF</string>
    <string name="ptchr_fixshastamerge2_1_key">OFF</string>
    <string name="pref_camera_selfie_mirror_key">0</string>
    <string name="prof30_fhd_audioChannels_key"></string>
    <string name="expcomp_key_21">0</string>
    <string name="expcomp_key_22">3</string>
    <string name="gl_preview_key">0</string>
    <string name="ptchr_underexpo2_key">OFF</string>
    <string name="ptchr_ndenoiseb1_key">OFF</string>
    <string name="prof30_fhd_audioCodec_key"></string>
    <string name="videobitrate_120_key">0</string>
    <string name="ptchr_clarity_key_0">08502E1E</string>
    <string name="ptchr_chromahigh_key_1">08FEE7D2</string>
    <string name="ptchr_chromahigh_key_4">08FEE7D2</string>
    <string name="ptchr_chromahigh_key_3">A8FEE7D2</string>
    <string name="prof30_fhd_audioBitRate_key"></string>
    <string name="ptchr_sharp3_key">OFF</string>
    <string name="c_t_key">0</string>
    <string name="ptchr_bpyg_key">OFF</string>
    <string name="ptchr_sharpsmoothing_key">OFF</string>
    <boolean name="autotimer_tutorial_shown" value="true" />
    <string name="ptchr_sharp1_key_21">0000F0FF</string>
    <string name="perf_has_shown_options_bar">1</string>
    <string name="ptchr_user_gamma_21_key"></string>
    <string name="ptchr_hdr1_key">OFF</string>
    <string name="ptchr_outlineradius_key">OFF</string>
    <string name="gawbratio_key">0</string>
    <string name="debug_manual_focus_key_3">1</string>
    <string name="debug_manual_focus_key_0">1</string>
    <string name="ptchr_saturation_key_22">6800E8D2</string>
    <string name="ptchr_saturation_key_21">4800E8D2</string>
    <string name="fileformat_120_key">0</string>
    <string name="ptchr_user_value_15_key"></string>
    <string name="ptchr_exposure_setting_key_0">1</string>
    <string name="ptchr_hdr1_key_0">OFF</string>
    <string name="pref_camera_dirty_lens_history_key22">-17.0|</string>
    <string name="prof30_fhd_audioSampleRate_key"></string>
    <string name="pref_camera_dirty_lens_history_key21">-17.0|</string>
    <string name="ptchr_user_gamma_11_key"></string>
    <string name="ptchr_fixshastamerge2_3_key">OFF</string>
    <string name="ptchr_sabre1_key_21">00103E1E</string>
    <string name="ptchr_green_key_0">9A99F93F</string>
    <string name="ptchr_gor_key">OFF</string>
    <string name="ptchr_colprocessing_key_4">OFF</string>
    <string name="ptchr_nchroma_l3_key">OFF</string>
    <string name="ptchr_cg10_key">OFF</string>
    <string name="quality_photo_corrector_key_4">0</string>
    <string name="ptchr_colormaplut_key">OFF</string>
    <string name="ptchr_removeblur_key">OFF</string>
    <string name="ptchr_ochroma_l3_key">OFF</string>
    <string name="quality_photo_corrector_key_0">0</string>
    <string name="quality_photo_corrector_key_1">2</string>
    <string name="ptchr_underexpo1_key">OFF</string>
    <string name="noise_model_key">0</string>
    <string name="c_t_user_gb_key"></string>
    <string name="perf_has_run_first_education">1</string>
    <string name="ptchr_nchromahigh_l6_key">OFF</string>
    <string name="gawb_user_rg_h_key"></string>
    <string name="ptchr_exposure_setting_key_1">1</string>
    <string name="ptchr_exposure_setting_key_3">0</string>
    <string name="ptchr_spatialn2_key">OFF</string>
    <string name="ptchr_exposure_setting_key_4">0</string>
    <string name="noise_model_user_c_1_key"></string>
    <string name="audiobitrate_120_key">0</string>
    <string name="ptchr_hdr_overall_lightness_key_0">OFF</string>
    <string name="ptchr_sect_key_0">0</string>
    <string name="ptchr_hdr_overall_lightness_key_1">0C502e1e</string>
    <string name="ptchr_oluma_l2_key">OFF</string>
    <string name="ptchr_nluma_l4_key">OFF</string>
    <string name="ptchr_ndenoiseb2_key">OFF</string>
    <int name="tooltip_impression_count_for_catshark_toggle_tooltip" value="4" />
    <string name="gawb_user_bg_h_key"></string>
    <string name="prof60_fhd_audioChannels_key"></string>
    <string name="ptchr_spatialsub2_key_21">0B102E1E</string>
    <string name="ptchr_nchromalow_l1_key">OFF</string>
    <string name="ptchr_chroma_l3_key">OFF</string>
    <string name="merge_key_0">0</string>
    <string name="ptchr_user_addr_10_key"></string>
    <long name="tooltip_latest_impression_timestamp_for_catshark_toggle_tooltip" value="1626075981270" />
    <string name="merge_key_1">0</string>
    <string name="ptchr_hdr_overall_lightness_key_4">0C102e1e</string>
    <string name="merge_key_4">0</string>
    <string name="ptchr_hdr_overall_lightness_key_3">0C102e1e</string>
    <string name="merge_key_3">0</string>
    <string name="ptchr_chromahigh_key_0">OFF</string>
    <string name="pref_has_checked_dual_ev_brightness">0</string>
    <string name="ptchr_sharp4_key">OFF</string>
    <string name="b_p_p_key_21">0</string>
    <string name="b_p_p_key_22">0</string>
    <string name="videoframerate_120_key">0</string>
    <string name="ptchr_user_gamma_30_key"></string>
    <string name="ptchr_dnoisereduction_key_1">2190804F</string>
    <string name="ptchr_dnoisereduction_key_0">2190804F</string>
    <string name="pref_camera_picturesize_front_key">2592x1940</string>
    <string name="ptchr_user_gamma_22_key"></string>
    <string name="ptchr_dnoisereduction_key_3">2190804F</string>
    <string name="iso_ns_limit_key_21">16</string>
    <string name="ptchr_dnoisereduction_key_4">2190804F</string>
    <string name="ptchr_ndenoiseb3_key">OFF</string>
    <string name="ptchr_lumanoise_key_21">80F6034F</string>
    <string name="pref_imax_audio_enabled_key">0</string>
    <string name="ptchr_sabren_key_0">0000803F</string>
    <string name="gawb_longexp_b">0</string>
    <string name="ptchr_ochromahigh_l2_key">OFF</string>
    <string name="ptchr_lumanoise_key_22">C0F6034F</string>
    <string name="pref_social_app_com_facebook_orca">1</string>
    <string name="ptchr_small_levels_key_22">0</string>
    <string name="merge_key">0</string>
    <string name="noise_model_user_c_0_key"></string>
    <string name="ptchr_cg4_key">OFF</string>
    <string name="ptchr_dnoisereduction_key">OFF</string>
    <string name="ptchr_depth2_key_22">04102e1e</string>
    <string name="ptchr_depth2_key_21">04102e1e</string>
    <string name="ptchr_ndenoisec1_key">OFF</string>
    <string name="ptchr_dehazedexpo_key_0">28FEE7D2</string>
    <string name="pref_micro_mode">1</string>
    <string name="pref_has_checked_ornament_mode">0</string>
    <string name="ptchr_nchromahigh_l3_key">OFF</string>
    <string name="ptchr_user_gamma_10_key"></string>
    <string name="noise_model_user_d_0_key"></string>
    <string name="ptchr_blurdenoise_key_0">OFF</string>
    <string name="videoframe_120_key">0</string>
    <string name="ptchr_blurdenoise3_key">OFF</string>
    <string name="pref_link_first_time_chip_click_ms">0</string>
    <string name="audiochannels_120_key">0</string>
    <string name="ptchr_user_addr_11_key"></string>
    <string name="iso_photo_limit_key">0</string>
    <string name="audiocodec_120_key">0</string>
    <string name="ptchr_small_levels_key_0">0</string>
    <string name="ptchr_blurdenoise_key_4">OFF</string>
    <string name="ptchr_blurdenoise_key_3">4D2B4ABD</string>
    <string name="c_t_key_0">4</string>
    <string name="c_t_key_1">6</string>
    <string name="c_t_key_4">4</string>
    <string name="c_t_key_3">4</string>
    <string name="ptchr_sharp3_key_21">0000F0FF</string>
    <string name="ptchr_noisesuppression_key_3">00008042</string>
    <string name="ptchr_noisesuppression_key_0">0000F07F</string>
    <string name="ptchr_user_value_18_key"></string>
    <string name="ptchr_colprocessing_key">OFF</string>
    <string name="ptchr_cg7_key">OFF</string>
    <string name="ptchr_user_gamma_9_key"></string>
    <string name="ptchr_ndenoiseb4_key">OFF</string>
    <string name="ptchr_sharp4_key_0">0000F0FF</string>
    <string name="ptchr_user_value_17_key"></string>
    <string name="ptchr_smoothing2_key_22">08FEF7D2</string>
    <string name="ptchr_smoothing2_key_21">08FEF7D2</string>
    <string name="ptchr_sharpness_key">OFF</string>
    <string name="quality_ns_corrector_key_21">5</string>
    <string name="ptchr_ochromahigh_l1_key">OFF</string>
    <string name="sun_moon">0</string>
    <string name="ptchr_chromalow_key_22">08FEE7D2</string>
    <string name="pref_storage_saver_auto_disable">0</string>
    <string name="prof60_audioSampleRate_key"></string>
    <string name="pref_video_fps_p2018_key">FPS_AUTO</string>
    <string name="ptchr_spatial_on_setting_key_21">0</string>
    <string name="pref_camera_raw_output_key">0</string>
    <string name="ptchr_sharp1_key">OFF</string>
    <string name="exp_ns_limit_key_0">0</string>
    <string name="ptchr_nchromahigh_l4_key">OFF</string>
    <string name="ptchr_temporal_radius_key_0">0c78a852</string>
    <string name="ptchr_temporal_radius_key_3">0c90a852</string>
    <string name="vid_ses_tl_on_key_3">0</string>
    <string name="pref_video_fps_cm_key">FPS_30</string>
    <string name="ptchr_user_gamma_23_key"></string>
    <string name="vid_ses_tl_on_key_0">0</string>
    <string name="ptchr_user_gamma_0_key"></string>
    <string name="prof30_videoBitRate_key"></string>
    <string name="ptchr_hdr_range_plus_key_0">0350251E</string>
    <string name="ptchr_hdr_range_plus_key_1">OFF</string>
    <string name="ptchr_user_addr_12_key"></string>
    <string name="ptchr_hdr_range_plus_key_3">0350241E</string>
    <string name="ptchr_nchroma_l1_key">OFF</string>
    <string name="ptchr_sabretexttun_key">OFF</string>
    <string name="ptchr_noiseprocessing_key">OFF</string>
    <string name="ptchr_cg6_key">OFF</string>
    <string name="gawb_key_21">SAVITAR_IMX586_CEPHEUS</string>
    <string name="quality_ns_corrector_key_4">2</string>
    <string name="gawb_key_22">SAVITAR_IMX586</string>
    <string name="key_social_share_opt_in">1</string>
    <int name="tooltip_impression_count_for_Astro_smarts_chip" value="3" />
    <string name="ptchr_chroma_l5_key">OFF</string>
    <string name="key_ff_opt_in">0</string>
    <string name="pref_has_checked_dual_ev_shadow">0</string>
    <string name="ptchr_hdr_range_plus_key_4">03D0241E</string>
    <string name="quality_ns_corrector_key_3">2</string>
    <string name="quality_ns_corrector_key_0">5</string>
    <string name="quality_ns_corrector_key_1">2</string>
    <string name="ptchr_hdr2a_key">OFF</string>
    <string name="vid_ses_tl_all_key_0">61444</string>
    <string name="vid_ses_tl_all_key_3">61444</string>
    <string name="ptchr_noisemodel_key">OFF</string>
    <string name="ptchr_noise_settings_key_3">0</string>
    <string name="ptchr_sharprlarge_key">OFF</string>
    <string name="pref_frms_photo_b">0</string>
    <string name="ptchr_noise_settings_key_0">0</string>
    <string name="ptchr_redgreen_key">OFF</string>
    <string name="ptchr_sl_intensity_key_1">OFF</string>
    <string name="shasta_key_3">1</string>
    <string name="shasta_key_4">0</string>
    <string name="ptchr_sl_intensity_key_0">OFF</string>
    <string name="ptchr_sl_intensity_key_4">OFF</string>
    <string name="shasta_key_0">0</string>
    <string name="ptchr_exposuren2_key_4">0000803F</string>
    <string name="ptchr_exposuren2_key_0">OFF</string>
    <string name="ptchr_exposuren2_key_1">0000803F</string>
    <string name="ptchr_spatial_on_setting_key_0">0</string>
    <string name="ptchr_processing_col_key_22">0</string>
    <string name="ptchr_processing_col_key_21">0</string>
    <string name="ptchr_contrast_5_key">OFF</string>
    <string name="ptchr_spatial_on_setting_key_3">1</string>
    <string name="ptchr_spatial_on_setting_key_4">1</string>
    <string name="pref_camera_coach_key">1</string>
    <string name="ptchr_user_sect_3_key"></string>
    <string name="preview_key_22">0</string>
    <string name="preview_key_21">0</string>
    <string name="pref_has_share_successful">1</string>
    <string name="gawb_user_bg_f_key"></string>
    <string name="preview_key_20">1</string>
    <string name="ptchr_oluma_l4_key">OFF</string>
    <string name="ptchr_nchromahigh_l1_key">OFF</string>
    <string name="ptchr_awb2_key">OFF</string>
    <string name="audiosamplerate_240_key">0</string>
    <string name="ptchr_user_gamma_1_key"></string>
    <string name="pref_camera_picturesize_back_key">4624x3472</string>
    <string name="ptchr_zipper1_key">OFF</string>
    <string name="ptchr_hdrup_key">OFF</string>
    <string name="c_t_user_rg_key"></string>
    <string name="ptchr_user_curve_3_key"></string>
    <string name="ptchr_user_gamma_8_key"></string>
    <string name="artemis_key">0</string>
    <string name="prof60_fhd_audioBitRate_key"></string>
    <string name="ptchr_dehazedexpo_key">OFF</string>
    <string name="ptchr_ochromahigha_l4_key">OFF</string>
    <string name="ptchr_main_global_settings_key_3">1</string>
    <string name="prof30_audioChannels_key"></string>
    <string name="ptchr_main_global_settings_key_0">1</string>
    <string name="ptchr_main_global_settings_key_1">1</string>
    <string name="ptchr_user_value_13_key"></string>
    <string name="ptchr_main_global_settings_key_4">1</string>
    <string name="vid_ses30_on_key_21">1</string>
    <string name="vid_ses30_on_key_22">1</string>
    <string name="disable_lens_key_22">0</string>
    <string name="disable_lens_key_21">0</string>
    <string name="ptchr_lumanoise_key">OFF</string>
    <string name="ptchr_cg9_key">OFF</string>
    <string name="device_key">0</string>
    <string name="vid_ses_tl_all_key_22">61444</string>
    <string name="vid_ses_tl_all_key_21">61444</string>
    <string name="preview_key">0</string>
    <string name="galley_key">0</string>
    <string name="ptchr_hdr2b_key">OFF</string>
    <string name="shasta_key">0</string>
    <string name="ptchr_sharp1_key_0">0000F0FF</string>
    <string name="ptchr_blackness_key_0">49DEA772</string>
    <string name="ptchr_sharp1_key_4">CDCC8C3F</string>
    <string name="ptchr_smoothing1_key_0">48FEF7D2</string>
    <string name="ptchr_sharp1_key_3">OFF</string>
    <string name="ptchr_smoothing1_key_3">08FEF7D2</string>
    <string name="pref_video_fps_8k_key">FPS_30</string>
    <string name="ptchr_cg4_key_21">OFF</string>
    <string name="ptchr_user_gamma_31_key"></string>
    <string name="ptchr_saturation_key_4">E8FFE7D2</string>
    <string name="ptchr_saturation_key_3">E8FEE7D2</string>
    <string name="ptchr_saturation_key_0">C8FFE7D2</string>
    <string name="pref_af_mode_front">0</string>
    <string name="ptchr_saturation_key_1">28FEE7D2</string>
    <string name="ptchr_user_sect_2_key"></string>
    <string name="ptchr_user_curve_4_key"></string>
    <string name="ptchr_nchromahigh_l2_key">OFF</string>
    <string name="gawb_portrait_b">0</string>
    <string name="gawb_user_bg_g_key"></string>
    <string name="ptchr_awb3_key">OFF</string>
    <string name="manual_focus_near_key_22">0.533</string>
    <string name="ptchr_user_gamma_7_key"></string>
    <string name="ptchr_hdr_range_minus_key_22">03103F1E</string>
    <string name="ptchr_user_addr_1_key"></string>
    <string name="ptchr_noiseprocessing_key_4">OFF</string>
    <string name="ptchr_contrast_1_key_0">OFF</string>
    <string name="preview_key_0">0</string>
    <string name="ptchr_hdr_range_minus_key_21">0350321E</string>
    <string name="preview_key_1">0</string>
    <string name="exp_ns_limit_key_21">1000</string>
    <string name="preview_key_3">1</string>
    <string name="preview_key_4">1</string>
    <string name="ptchr_ndenoisea1_key">OFF</string>
    <string name="ptchr_brightness_key_0">OFF</string>
    <string name="quality_240_key">0</string>
    <string name="all_sixty_key">1</string>
    <string name="ptchr_user_curve_9_key"></string>
    <string name="pref_zoom_out_command_string">-1</string>
    <string name="pref_has_checked_measure_mode">0</string>
    <string name="prof30_audioBitRate_key"></string>
    <string name="frez_key">0</string>
    <string name="ptchr_hdr_effect_intensity_key">OFF</string>
    <string name="ptchr_user_gamma_2_key"></string>
    <string name="pref_social_app_com_google_android_apps_tachyon">0</string>
    <string name="ptchr_clarity_key">OFF</string>
    <string name="ptchr_dehazedexpo_key_21">28FEE7D2</string>
    <string name="frame_count_key_1">15</string>
    <string name="frame_count_key_0">13</string>
    <string name="ptchr_noisereduction_key_21">OFF</string>
    <string name="exp_photo_limit_key_0">0</string>
    <string name="ptchr_ochromahigha_l3_key">OFF</string>
    <string name="c_f_a_key">0</string>
    <string name="ptchr_user_addr_19_key"></string>
    <string name="ptchr_cg8_key">OFF</string>
    <string name="device_hdrplus_key_22">3</string>
    <string name="frame_count_key_4">15</string>
    <string name="ptchr_noisereduction_key_22">OFF</string>
    <string name="frame_count_key_3">15</string>
    <string name="device_hdrplus_key_21">3</string>
    <string name="ptchr_noisereduction_key">OFF</string>
    <string name="ptchr_blurdenoise_key">OFF</string>
    <string name="audiochannels_240_key">0</string>
    <string name="ptchr_contrast3_key">OFF</string>
    <string name="vid_ses120_all_key">0</string>
    <string name="quality_portrait_corrector_key_0">0</string>
    <string name="ptchr_grid1_key_0">000080BF</string>
    <string name="ptchr_vignette_key">OFF</string>
    <string name="ptchr_user_curve_5_key"></string>
    <string name="ptchr_user_sect_1_key"></string>
    <string name="ptchr_underexpo_key">OFF</string>
    <string name="ptchr_blackness_key_21">C9E2A772</string>
    <string name="ptchr_ybp_key">OFF</string>
    <string name="ptchr_nchroma_l4_key">OFF</string>
    <string name="ptchr_user_value_14_key"></string>
    <string name="iso_ns_limit_key">0</string>
    <string name="ptchr_green_key">OFF</string>
    <string name="gawb_user_bg_d_key"></string>
    <string name="ptchr_spatialsub2_key_3">0B102E1E</string>
    <string name="ptchr_spatialsub2_key_4">0B102E1E</string>
    <string name="ptchr_enable_key_22">1</string>
    <string name="ptchr_cg2_key_0">CAF4A772</string>
    <string name="ptchr_spatialsub2_key_0">OFF</string>
    <string name="ptchr_enable_key_21">1</string>
    <string name="ptchr_hdr_overall_lightness_key">OFF</string>
    <string name="prof60_fhd_audioSampleRate_key"></string>
    <string name="ptchr_hdr_range_minus_key">OFF</string>
    <string name="gawb_key">NEXUS_EXPERIMENTAL_2016</string>
    <string name="ptchr_fine_tuning_key_0">0</string>
    <string name="ptchr_fine_tuning_key_1">0</string>
    <string name="ptchr_sharpradmed_key">OFF</string>
    <string name="ptchr_fine_tuning_key_4">1</string>
    <string name="ptchr_sabren_key">OFF</string>
    <string name="ptchr_ndenoisea2_key">OFF</string>
    <string name="ptchr_fine_tuning_key_3">1</string>
    <string name="ptchr_user_value_11_key"></string>
    <string name="ptchr_user_gamma_3_key"></string>
    <string name="videoframerate_240_key">0</string>
    <string name="ptchr_brightness_key">OFF</string>
    <string name="c_t_user_rb_key"></string>
    <long name="tooltip_latest_impression_timestamp_for_cuttlefish_steady_advice" value="1626075781951" />
    <string name="cawb_key_21">0</string>
    <string name="cawb_key_20">0</string>
    <string name="ptchr_smoothness_key_22">0050201e</string>
    <string name="ptchr_small_levels_keyold_key_22">1</string>
    <string name="cawb_key_22">0</string>
    <string name="ptchr_smoothness_key_21">0050201e</string>
    <string name="ptchr_oluma_l3_key">OFF</string>
    <string name="prof60_audioCodec_key"></string>
    <string name="ptchr_grid2_key_0">5E836CBF</string>
    <string name="focus_key">0</string>
    <string name="vid_ses60_on_key_22">1</string>
    <string name="vid_ses60_on_key_21">1</string>
    <string name="ptchr_user_curve_8_key"></string>
    <string name="ptchr_user_addr_18_key"></string>
    <string name="ptchr_zipper_key">OFF</string>
    <int name="tooltip_impression_count_for_cuttlefish_steady_advice" value="1" />
    <string name="pref_has_checked_tiara_mode">0</string>
    <string name="ptchr_gamma_pwhites_key">OFF</string>
    <string name="ptchr_light_shadow_key_21">1</string>
    <string name="ptchr_luma_key">OFF</string>
    <string name="ptchr_user_addr_17_key"></string>
    <string name="ptchr_nchroma_l5_key">OFF</string>
    <string name="ptchr_user_curve_6_key"></string>
    <string name="ptchr_chromamicro_key">OFF</string>
    <string name="ptchr_sect_pwhites_key">OFF</string>
    <string name="prof60_fileFormat_key"></string>
    <string name="ptchr_zipper2_key">OFF</string>
    <string name="ptchr_user_sect_0_key"></string>
    <string name="pref_has_checked_social_share_toggle">1</string>
    <string name="ptchr_ndenoisea4_key">OFF</string>
    <string name="ptchr_contrast_4_key">OFF</string>
    <string name="ptchr_awb1_key">OFF</string>
    <string name="pref_social_app_com_whatsapp">0</string>
    <string name="gawb_user_bg_e_key"></string>
    <string name="gawb_key_3">ULTRA_IMX686</string>
    <string name="ptchr_depth1_key_4">03102e1e</string>
    <string name="ptchr_depth1_key_3">0310201e</string>
    <string name="ptchr_user_value_12_key"></string>
    <string name="gawb_key_4">NEXUS_EXPERIMENTAL_2019</string>
    <string name="ptchr_user_gamma_4_key"></string>
    <string name="ptchr_sect_pdarks_key">OFF</string>
    <string name="iso_portrait_limit_key">0</string>
    <string name="ptchr_depth1_key_0">OFF</string>
    <string name="gawb_key_1">SAVITAR_IMX586</string>
    <string name="gawb_key_0">IMX682_OFILM</string>
    <string name="ptchr_depth1_key_1">03102c1e</string>
    <string name="pref_opt_video_stabilization_key">1</string>
    <string name="gawbratio_key_22">3</string>
    <string name="ptchr_user_curve_7_key"></string>
    <string name="ptchr_exposure_setting_key_21">1</string>
    <string name="ptchr_depth2_key">OFF</string>
    <string name="ptchr_sharprsmall_key">OFF</string>
    <string name="ptchr_chromamicro_key_21">OFF</string>
    <string name="ptchr_chromamicro_key_22">OFF</string>
    <string name="lens_wl_key"></string>
    <string name="pref_video_resolution">RES_1080P</string>
    <string name="pref_camera_advice_settings">1</string>
</map>
